{"model":{"version":3,"nodes":[{"name":"RootNode","position":[0,0,0],"rotation":[0,0,0],"scale":[0.0254,0.0254,0.0254],"scaleCompensation":false},{"name":"glow-pedazo","position":[0,0,3.8147e-05],"rotation":[-90,-0,0],"scale":[1,1,1],"scaleCompensation":false}],"parents":[-1,0],"skins":[],"morphs":[],"vertices":[{"position":{"type":"float32","components":3,"data":[-220.011,-95.6244,95.6532,-113.671,108.808,95.6533,-220.011,4.31221e-05,95.6532,-113.671,-108.739,95.6533,-206.964,-109.04,95.6534,-220.011,-95.6244,95.6532,-215.51,-108.988,95.6532,-206.964,-109.04,95.6534,-113.671,-108.739,95.6533,-215.51,-108.988,95.6532,-213.119,-115.018,95.6532,-220.328,-103.874,95.6532,-226.381,-101.562,95.6532,-220.011,96.0356,95.6532,-113.671,108.808,95.6533,-207.392,108.808,95.6534,-212.874,114.481,95.6532,-220.011,96.0356,95.6532,-207.392,108.808,95.6534,-113.671,108.808,95.6533,-212.874,114.481,95.6532,-215.183,108.964,95.6532,-220.009,103.931,95.6532,-226.346,101.467,95.6532,-226.703,-103.285,95.6503,-223.158,-104.315,95.6503,-226.381,-101.562,95.6532,-214.789,-115.709,95.6503,-214.867,-119.303,95.6503,-213.119,-115.018,95.6532,-214.867,-119.303,95.6503,-206.498,-110.545,95.6505,-206.964,-109.04,95.6534,-206.964,-109.04,95.6534,-213.119,-115.018,95.6532,-214.867,-119.303,95.6503,-215.669,-112.125,95.6503,-214.789,-115.709,95.6503,-213.119,-115.018,95.6532,-221.593,4.31216e-05,95.6503,-221.592,-94.913,95.6503,-220.011,-95.6244,95.6532,-220.011,-95.6244,95.6532,-220.011,4.31221e-05,95.6532,-221.593,4.31216e-05,95.6503,-112.218,-110.543,95.6505,-112.213,110.543,95.6505,-113.671,108.808,95.6533,-113.671,108.808,95.6533,-113.671,-108.739,95.6533,-112.218,-110.543,95.6505,-206.498,-110.545,95.6505,-112.218,-110.543,95.6505,-113.671,-108.739,95.6533,-113.671,-108.739,95.6533,-206.964,-109.04,95.6534,-206.498,-110.545,95.6505,-217.447,-108.891,95.6503,-215.669,-112.125,95.6503,-213.119,-115.018,95.6532,-213.119,-115.018,95.6532,-215.51,-108.988,95.6532,-217.447,-108.891,95.6503,-220.002,-106.227,95.6503,-217.447,-108.891,95.6503,-215.51,-108.988,95.6532,-215.51,-108.988,95.6532,-220.328,-103.874,95.6532,-220.002,-106.227,95.6503,-221.592,-94.913,95.6503,-230.393,-103.209,95.6503,-226.381,-101.562,95.6532,-226.381,-101.562,95.6532,-220.011,-95.6244,95.6532,-221.592,-94.913,95.6503,-230.393,-103.209,95.6503,-226.703,-103.285,95.6503,-226.381,-101.562,95.6532,-223.158,-104.315,95.6503,-220.002,-106.227,95.6503,-220.328,-103.874,95.6532,-220.328,-103.874,95.6532,-226.381,-101.562,95.6532,-223.158,-104.315,95.6503,-223.158,104.315,95.6503,-226.703,103.285,95.6503,-226.346,101.467,95.6532,-206.498,110.545,95.6505,-214.867,119.303,95.6503,-212.874,114.481,95.6532,-212.874,114.481,95.6532,-207.392,108.808,95.6534,-206.498,110.545,95.6505,-214.867,119.303,95.6503,-214.789,115.709,95.6503,-212.874,114.481,95.6532,-214.789,115.709,95.6503,-215.669,112.125,95.6503,-212.874,114.481,95.6532,-221.592,94.913,95.6503,-221.593,4.31216e-05,95.6503,-220.011,4.31221e-05,95.6532,-220.011,4.31221e-05,95.6532,-220.011,96.0356,95.6532,-221.592,94.913,95.6503,-112.213,110.543,95.6505,-206.498,110.545,95.6505,-207.392,108.808,95.6534,-207.392,108.808,95.6534,-113.671,108.808,95.6533,-112.213,110.543,95.6505,-215.669,112.125,95.6503,-217.447,108.891,95.6503,-215.183,108.964,95.6532,-215.183,108.964,95.6532,-212.874,114.481,95.6532,-215.669,112.125,95.6503,-217.447,108.891,95.6503,-220.002,106.227,95.6503,-220.009,103.931,95.6532,-220.009,103.931,95.6532,-215.183,108.964,95.6532,-217.447,108.891,95.6503,-226.703,103.285,95.6503,-230.393,103.209,95.6503,-226.346,101.467,95.6532,-230.393,103.209,95.6503,-221.592,94.913,95.6503,-220.011,96.0356,95.6532,-220.011,96.0356,95.6532,-226.346,101.467,95.6532,-230.393,103.209,95.6503,-220.002,106.227,95.6503,-223.158,104.315,95.6503,-226.346,101.467,95.6532,-226.346,101.467,95.6532,-220.009,103.931,95.6532,-220.002,106.227,95.6503]},"normal":{"type":"float32","components":3,"data":[-8.28783e-07,2.24974e-06,1,-1.32262e-06,-9.34922e-07,1,-1.43491e-06,1.68494e-13,1,-1.31985e-06,9.33014e-07,1,-1.83384e-05,-6.17689e-06,1,-1.83384e-05,-6.17689e-06,1,-1.83384e-05,-6.17689e-06,1,-4.57144e-06,6.94047e-06,1,-1.31985e-06,9.33014e-07,1,-1.34617e-05,-5.33789e-06,1,-1.83451e-05,-7.27431e-06,1,-2.15162e-07,8.25752e-09,1,-6.21082e-07,2.3836e-08,1,-8.11819e-07,-2.29709e-06,1,-1.32262e-06,-9.34922e-07,1,-2.03732e-05,7.88308e-06,1,-2.03732e-05,7.88308e-06,1,-2.03732e-05,7.88308e-06,1,4.06929e-08,-1.22855e-05,1,-1.32262e-06,-9.34922e-07,1,0,0,1,0,0,1,-2.01916e-07,4.17533e-11,1,-6.02045e-07,1.24494e-10,1,-0.00045425,-0.00156282,0.999999,-0.00045425,-0.00156282,0.999999,-0.000454251,-0.00156282,0.999999,-0.00171706,3.72682e-05,0.999999,-0.00171706,3.72682e-05,0.999999,-0.00171706,3.72682e-05,0.999999,0.00147118,-0.001425,0.999998,0.00147118,-0.001425,0.999998,0.00147118,-0.001425,0.999998,0.0010245,-0.00108104,0.999999,0.0010245,-0.00108104,0.999999,0.0010245,-0.00108104,0.999999,-0.00154451,-0.000379324,0.999999,-0.00154451,-0.000379324,0.999999,-0.00154451,-0.000379324,0.999999,-0.0017971,-8.6674e-09,0.999998,-0.0017971,-8.6674e-09,0.999998,-0.0017971,-8.6674e-09,0.999998,-0.00179658,0,0.999998,-0.00179658,0,0.999998,-0.00179658,0,0.999998,0.00193782,-4.9485e-08,0.999998,0.00193782,-4.9485e-08,0.999998,0.00193782,-4.9485e-08,0.999998,0.00194529,0,0.999998,0.00194529,0,0.999998,0.00194529,0,0.999998,3.55022e-08,-0.00156684,0.999999,3.55022e-08,-0.00156684,0.999999,3.55022e-08,-0.00156684,0.999999,6.09904e-06,-0.00187847,0.999998,6.09904e-06,-0.00187847,0.999998,6.09904e-06,-0.00187847,0.999998,-0.00295918,-0.00162673,0.999994,-0.00295918,-0.00162673,0.999994,-0.00295918,-0.00162673,0.999994,-0.00149657,-0.000593429,0.999999,-0.00149657,-0.000593429,0.999999,-0.00149657,-0.000593429,0.999999,-0.00154067,-0.0014773,0.999998,-0.00154067,-0.0014773,0.999998,-0.00154067,-0.0014773,0.999998,-0.00150286,-0.00141577,0.999998,-0.00150286,-0.00141577,0.999998,-0.00150286,-0.00141577,0.999998,-0.00125317,0.00132931,0.999998,-0.00125317,0.00132931,0.999998,-0.00125317,0.00132931,0.999998,-0.00121233,0.0012999,0.999998,-0.00121233,0.00129991,0.999999,-0.00121233,0.00129991,0.999998,-3.35679e-05,-0.00164137,0.999999,-3.35679e-05,-0.00164137,0.999999,-3.35679e-05,-0.00164137,0.999999,-0.000798426,-0.00131819,0.999999,-0.000798426,-0.00131819,0.999999,-0.000798426,-0.00131819,0.999999,-0.00071306,-0.0018658,0.999998,-0.00071306,-0.0018658,0.999998,-0.00071306,-0.0018658,0.999998,-0.000429312,0.00147702,0.999999,-0.000429312,0.00147702,0.999999,-0.000429312,0.00147702,0.999999,0.00105135,0.00102383,0.999999,0.00105135,0.00102383,0.999999,0.00105135,0.00102383,0.999999,0.00108156,0.00107276,0.999999,0.00108156,0.00107276,0.999999,0.00108156,0.00107276,0.999999,-0.00150495,-3.2665e-05,0.999999,-0.00150495,-3.2665e-05,0.999999,-0.00150495,-3.2665e-05,0.999999,-0.00128199,0.00031485,0.999999,-0.00128199,0.00031485,0.999999,-0.00128199,0.00031485,0.999999,-0.00179658,8.66487e-09,0.999998,-0.00179658,8.66488e-09,0.999998,-0.00179658,8.66488e-09,0.999998,-0.00179705,8.56583e-10,0.999998,-0.00179705,8.56582e-10,0.999998,-0.00179705,8.56583e-10,0.999998,3.77119e-08,0.00162954,0.999999,3.77119e-08,0.00162954,0.999999,3.77119e-08,0.00162954,0.999999,4.20291e-08,0.00162931,0.999999,4.20291e-08,0.00162931,0.999999,4.20291e-08,0.00162931,0.999999,-0.00127809,0.000702598,0.999999,-0.00127809,0.000702598,0.999999,-0.00127809,0.000702598,0.999999,-0.00157082,0.000657621,0.999999,-0.00157082,0.000657621,0.999999,-0.00157082,0.000657621,0.999999,-0.0012955,0.00124221,0.999998,-0.0012955,0.00124221,0.999998,-0.0012955,0.00124221,0.999998,-0.00129549,0.0012422,0.999998,-0.00129549,0.0012422,0.999998,-0.00129549,0.0012422,0.999998,-3.18009e-05,0.00155497,0.999999,-3.18009e-05,0.00155497,0.999999,-3.18009e-05,0.00155497,0.999999,-0.00102515,-0.00108745,0.999999,-0.00102515,-0.00108745,0.999999,-0.00102516,-0.00108745,0.999999,-0.00140834,-0.00164199,0.999998,-0.00140834,-0.00164199,0.999998,-0.00140834,-0.00164199,