{"model":{"version":3,"nodes":[{"name":"RootNode","position":[0,0,0],"rotation":[0,0,0],"scale":[0.0254,0.0254,0.0254],"scaleCompensation":false},{"name":"pocket-circulosegmentado","position":[0,0,0],"rotation":[-90,-0,0],"scale":[1,1,1],"scaleCompensation":false}],"parents":[-1,0],"skins":[],"morphs":[],"vertices":[{"position":{"type":"float32","components":3,"data":[-9.20823e-07,21.066,-4.95911e-05,-7.99458e-07,15.9762,-4.95911e-05,4.13494,15.4318,-4.95911e-05,5.45228,20.3482,-4.95911e-05,5.45228,20.3482,-4.95911e-05,4.13494,15.4318,-4.95911e-05,7.98808,13.8358,-4.95911e-05,10.533,18.2437,-4.95911e-05,10.533,18.2437,-4.95911e-05,7.98808,13.8358,-4.95911e-05,11.2969,11.2969,-4.95911e-05,14.8959,14.8959,-4.95911e-05,14.8959,14.8959,-4.95911e-05,11.2969,11.2969,-4.95911e-05,13.8358,7.98808,-4.95911e-05,18.2437,10.533,-4.95911e-05,18.2437,10.533,-4.95911e-05,13.8358,7.98808,-4.95911e-05,15.4318,4.13494,-4.95911e-05,20.3482,5.45227,-4.95911e-05,20.3482,5.45227,-4.95911e-05,15.4318,4.13494,-4.95911e-05,15.9762,0,-4.95911e-05,21.066,0,-4.95911e-05,21.066,0,-4.95911e-05,15.9762,0,-4.95911e-05,15.4318,-4.13494,-4.95911e-05,20.3482,-5.45227,-4.95911e-05,20.3482,-5.45227,-4.95911e-05,15.4318,-4.13494,-4.95911e-05,13.8358,-7.98808,-4.95911e-05,18.2437,-10.533,-4.95911e-05,18.2437,-10.533,-4.95911e-05,13.8358,-7.98808,-4.95911e-05,11.2969,-11.2969,-4.95911e-05,14.8959,-14.8959,-4.95911e-05,14.8959,-14.8959,-4.95911e-05,11.2969,-11.2969,-4.95911e-05,7.98808,-13.8358,-4.95911e-05,10.533,-18.2437,-4.95911e-05,10.533,-18.2437,-4.95911e-05,7.98808,-13.8358,-4.95911e-05,4.13494,-15.4318,-4.95911e-05,5.45228,-20.3482,-4.95911e-05,5.45228,-20.3482,-4.95911e-05,4.13494,-15.4318,-4.95911e-05,1.10505e-06,-15.9762,-4.95911e-05,1.59044e-06,-21.066,-4.95911e-05,1.59044e-06,-21.066,-4.95911e-05,1.10505e-06,-15.9762,-4.95911e-05,-4.13494,-15.4318,-4.95911e-05,-5.45227,-20.3482,-4.95911e-05,-5.45227,-20.3482,-4.95911e-05,-4.13494,-15.4318,-4.95911e-05,-7.98808,-13.8358,-4.95911e-05,-10.533,-18.2437,-4.95911e-05,-10.533,-18.2437,-4.95911e-05,-7.98808,-13.8358,-4.95911e-05,-11.2969,-11.2969,-4.95911e-05,-14.8959,-14.8959,-4.95911e-05,-14.8959,-14.8959,-4.95911e-05,-11.2969,-11.2969,-4.95911e-05,-13.8358,-7.98809,-4.95911e-05,-18.2437,-10.533,-4.95911e-05,-18.2437,-10.533,-4.95911e-05,-13.8358,-7.98809,-4.95911e-05,-15.4318,-4.13494,-4.95911e-05,-20.3482,-5.45228,-4.95911e-05,-20.3482,-5.45228,-4.95911e-05,-15.4318,-4.13494,-4.95911e-05,-15.9762,-6.22135e-06,-4.95911e-05,-21.066,-8.20339e-06,-4.95911e-05,-21.066,-8.20339e-06,-4.95911e-05,-15.9762,-6.22135e-06,-4.95911e-05,-15.4318,4.13493,-4.95911e-05,-20.3482,5.45227,-4.95911e-05,-20.3482,5.45227,-4.95911e-05,-15.4318,4.13493,-4.95911e-05,-13.8358,7.98808,-4.95911e-05,-18.2437,10.533,-4.95911e-05,-18.2437,10.533,-4.95911e-05,-13.8358,7.98808,-4.95911e-05,-11.2969,11.2969,-4.95911e-05,-14.8959,14.8959,-4.95911e-05,-14.8959,14.8959,-4.95911e-05,-11.2969,11.2969,-4.95911e-05,-7.98809,13.8358,-4.95911e-05,-10.533,18.2437,-4.95911e-05,-10.533,18.2437,-4.95911e-05,-7.98809,13.8358,-4.95911e-05,-4.13494,15.4318,-4.95911e-05,-5.45228,20.3482,-4.95911e-05,-5.45228,20.3482,-4.95911e-05,-4.13494,15.4318,-4.95911e-05,-7.99458e-07,15.9762,-4.95911e-05,-9.20823e-07,21.066,-4.95911e-05]},"normal":{"type":"float32","components":3,"data":[0,0,1,0,0,1,0,0,1,0,0,1,0,0,1,0,0,1,0,0,1,0,0,1,0,0,1,0,0,1,0,0,1,0,0,1,0,0,1,0,0,1,0,0,1,0,0,1,0,0,1,0,0,1,0,0,1,0,0,1,0,0,1,0,0,1,0,0,1,0,0,1,0,0,1,0,0,1,0,0,1,0,0,1,0,0,1,0,0,1,0,0,1,0,0,1,0,0,1,0,0,1,0,0,1,0,0,1,0,0,1,0,0,1,0,0,1,0,0,1,0,0,1,0,0,1,0,0,1,0,0,1,0,0,1,0,0,1,0,0,1,0,0,1,0,0,1,0,0,1,0,0,1,0,0,1,0,0,1,0,0,1,0,0,1,0,0,1,0,0,1,0,0,1,0,0,1,0,0,1,0,0,1,0,0,1,0,0,1,0,0,1,0,0,1,0,0,1,0,0,1,0,0,1,0,0,1,0,0,1,0,0,1,0,0,1,0,0,1,0,0,1,0,0,1,0,0,1,0,0,1,0,0,1,0,0,1,0,0,1,0,0,1,0,0,1,0,0,1,0,0,1,0,0,1,0,0,1,0,0,1,0,0,1,0,0,1,0,0,1,0,0,1,0,0,1,0,0,1,0,0,1,0,0,1,0,0,1]},"texCoord0":{"type":"float32","components":2,"data":[1,-2.98023e-08,1,1,0,1,0,-7.35137e-08,1,-2.98023e-08,1,1,0,1,0,-7.35137e-08,1,-2.98023e-08,1,1,0,1,0,-7.35137e-08,1,-2.98023e-08,1,1,0,1,0,-7.35137e-08,1,-2.98023e-08,1,1,0,1,0,-7.35137e-08,1,-2.98023e-08,1,1,0,1,0,-7.35137e-08,1,-2.98023e-08,1,1,0,1,0,-7.35137e-08,1,-2.98023e-08,1,1,0,1,0,-7.35137e-08,1,-2.98023e-08,1,1,0,1,0,-7.35137e-08,1,-2.98023e-08,1,1,0,1,0,-7.35137e-08,1,-2.98023e-08,1,1,0,1,0,-7.35137e-08,1,-2.98023e-08,1,1,0,1,0,-7.35137e-08,1,-2.98023e-08,1,1,0,1,0,-7.35137e-08,1,-2.98023e-08,1,1,0,1,0,-7.35137e-08,1,-2.98023e-08,1,1,0,1,0,-7.35137e-08,1,-2.98023e-08,1,1,0,1,0,-7.35137e-08,1,-2.98023e-08,1,1,0,1,0,-7.35137e-08,1,-2.98023e-08,1,1,0,1,0,-7.35137e-08,1,-2.98023e-08,1,1,0,1,0,-7.35137e-08,1,-2.98023e-08,1,1,0,1,0,-7.35137e-08,1,-2.98023e-08,1,1,0,1,0,-7.35137e-08,1,-2.98023e-08,1,1,0,1,0,-7.35137e-08,1,-2.98023e-08,1,1,0,1,0,-7.35137e-08,0,1,0,-7.35137e-08,1,-2.98023e-08,1,1]}}],"meshes":[{"aabb":{"min":[-21.066,-21.066,-4.95911e-05],"max":[21.066,21.066,-4.95911e-05]},"vertices":0,"indices":[0,1,2,2,3,0,4,5,6,6,7,4,8,9,10,10,11,8,12,13,14,14,15,12,16,17,18,18,19,16,20,21,22,22,23,20,24,25,26,26,27,24,28,29,30,30,31,28,32,33,34,34,35,32,36,37,38,38,39,36,40,41,42,42,43,40,44,45,46,46,47,44,48,49,50,50,51,48,52,53,54,54,55,52,56,57,58,58,59,56,60,61,62,62,63,60,64,65,66,66,67,64,68,69,70,70,71,68,72,73,74,74,75,72,76,77,78,78,79,76,80,81,82,82,83,80,84,85,86,86,87,84,88,89,90,90,91,88,92,93,94,94,95,92],"type":"triangles","base":0,"count":144}],"meshInstances":[{"node":1,"mesh":0}]}}