{"model":{"version":3,"nodes":[{"name":"RootNode","position":[0,0,0],"rotation":[0,0,0],"scale":[0.0254,0.0254,0.0254],"scaleCompensation":false},{"name":"plano-apuntar","position":[0,0,0],"rotation":[-90,-0,0],"scale":[1,1,1],"scaleCompensation":false}],"parents":[-1,0],"skins":[],"morphs":[],"vertices":[{"position":{"type":"float32","components":3,"data":[-2.46122,47.2184,0,-2.46122,0,0,-1.66585,47.2184,0,-1.66585,0,0,-1.66585,47.2184,0,-1.66585,0,0,1.665,47.2184,0,1.665,0,0,1.665,47.2184,0,1.665,0,0,2.46036,47.2184,0,2.46036,0,0]},"normal":{"type":"float32","components":3,"data":[0,0,1,0,0,1,0,0,1,0,0,1,0,0,1,0,0,1,0,0,1,0,0,1,0,0,1,0,0,1,0,0,1,0,0,1]},"texCoord0":{"type":"float32","components":2,"data":[0.02742,0.99049,0.023621,0.0135814,0.0274533,0.99049,0.0236543,0.0135814,0.446176,0.982905,0.446176,0.0123467,0.77951,0.982905,0.77951,0.0123467,0.0274867,0.99049,0.0236877,0.0135814,0.02752,0.99049,0.023721,0.0135814]}}],"meshes":[{"aabb":{"min":[-2.46122,0,0],"max":[2.46036,47.2184,0]},"vertices":0,"indices":[0,1,2,3,2,1,4,5,6,7,6,5,8,9,10,11,10,9],"type":"triangles","base":0,"count":18}],"meshInstances":[{"node":1,"mesh":0}]}}