{"model":{"version":3,"nodes":[{"name":"RootNode","position":[0,0,0],"rotation":[0,0,0],"scale":[0.0254,0.0254,0.0254],"scaleCompensation":false},{"name":"pocket-medio-abajo","position":[0,0,0],"rotation":[-90,-0,0],"scale":[1,1,1],"scaleCompensation":false}],"parents":[-1,0],"skins":[],"morphs":[],"vertices":[{"position":{"type":"float32","components":3,"data":[3.24486,-130.912,106.189,-0.0263062,-134.122,106.189,3.8969,-133.664,106.189,-0.0263062,-131.295,106.189,6.33966,-129.786,106.189,7.6086,-132.313,106.189,9.09128,-127.976,106.189,10.9087,-130.142,106.189,11.3514,-125.581,106.189,13.6193,-127.269,106.189,12.9981,-122.728,106.189,15.5942,-123.848,106.189,13.9426,-119.3,106.189,16.7271,-119.303,106.189,-13.0507,-122.728,106.189,-16.7797,-119.303,106.189,-15.6469,-123.848,106.189,-13.9953,-119.3,106.189,-11.404,-125.581,106.189,-13.6719,-127.269,106.189,-9.14389,-127.976,106.189,-10.9613,-130.142,106.189,-6.39227,-129.786,106.189,-7.66119,-132.313,106.189,-3.29747,-130.912,106.189,-3.94951,-133.664,106.189,-0.0263062,-131.295,106.189,-0.0263062,-134.122,106.189]},"normal":{"type":"float32","components":3,"data":[9.72322e-09,-4.10257e-08,1,3.08387e-14,-4.21622e-08,1,2.74405e-10,-3.50732e-08,1,4.36284e-14,-4.21622e-08,1,-5.43131e-09,-1.195e-08,1,-1.35768e-08,-6.81857e-09,1,0,0,1,0,0,1,0,0,1,0,0,1,-6.74676e-09,-1.56408e-08,1,-3.82315e-09,-1.42805e-08,1,-4.5152e-09,-2.78511e-08,1,-2.28459e-11,-2.62197e-08,1,3.46443e-09,-1.3741e-08,1,4.50715e-09,-2.98924e-08,1,5.024e-09,-1.1647e-08,1,3.02921e-11,-3.47656e-08,1,0,0,1,0,0,1,0,0,1,0,0,1,0,0,1,3.41208e-09,-1.06335e-08,1,2.1186e-09,-3.53626e-08,1,5.06003e-09,-4.45294e-08,1,4.36284e-14,-4.21622e-08,1,3.08387e-14,-4.21622e-08,1]},"texCoord0":{"type":"float32","components":2,"data":[0.5,0.037037,0.25,0,0.25,0.037037,0.5,0,0.5,0.0740741,0.25,0.0740741,0.5,0.111111,0.25,0.111111,0.5,0.148148,0.25,0.148148,0.5,0.185185,0.25,0.185185,0.5,0.222222,0.25,0.222222,0.5,0.814815,0.25,0.777778,0.25,0.814815,0.5,0.777778,0.5,0.851852,0.25,0.851852,0.5,0.888889,0.25,0.888889,0.5,0.925926,0.25,0.925926,0.5,0.962963,0.25,0.962963,0.5,1,0.25,1]}}],"meshes":[{"aabb":{"min":[-16.7797,-134.122,106.189],"max":[16.7271,-119.3,106.189]},"vertices":0,"indices":[0,1,2,3,1,0,4,2,5,0,2,4,6,5,7,4,5,6,8,7,9,6,7,8,10,9,11,8,9,10,12,11,13,10,11,12,14,15,16,17,15,14,18,16,19,14,16,18,20,19,21,18,19,20,22,21,23,20,21,22,24,23,25,22,23,24,26,25,27,24,25,26],"type":"triangles","base":0,"count":72}],"meshInstances":[{"node":1,"mesh":0}]}}