{"model":{"version":3,"nodes":[{"name":"RootNode","position":[0,0,0],"rotation":[0,0,0],"scale":[0.0254,0.0254,0.0254],"scaleCompensation":false},{"name":"Object001","position":[0,0,0],"rotation":[-90,-0,0],"scale":[1,1,1],"scaleCompensation":false},{"name":"Object002","position":[0,0,0],"rotation":[-90,-0,0],"scale":[1,1,1],"scaleCompensation":false}],"parents":[-1,0,0],"skins":[],"morphs":[],"vertices":[{"position":{"type":"float32","components":3,"data":[-260.383,115.457,82.3831,-261.47,114.37,82.3831,-248.918,106.139,82.3831,-256.29,117.924,82.3831,-257.342,117.488,82.3831,-248.918,106.139,82.3831,-263.502,111.328,82.3831,-263.937,110.276,82.3831,-248.918,106.139,82.3831,-253.93,118.517,82.3831,-255.109,118.282,82.3831,-248.918,106.139,82.3831,-264.296,109.096,82.3831,-264.53,107.917,82.3831,-248.918,106.139,82.3831,-258.43,116.907,82.3831,-259.429,116.239,82.3831,-248.918,106.139,82.3831,-262.252,113.416,82.3831,-262.92,112.416,82.3831,-248.918,106.139,82.3831,-252.646,118.656,82.3831,-248.915,118.659,82.3831,-248.918,106.139,82.3831,-264.636,106.72,82.3831,-248.918,106.139,82.3831,-264.649,106.139,82.3831,-264.649,102.551,82.3831,-248.918,102.551,82.3831,-264.649,101.857,74.2625,-248.918,101.857,74.2625]},"normal":{"type":"float32","components":3,"data":[-8.80887e-08,9.63095e-08,1,-9.56408e-08,8.58775e-08,1,-1.04871e-07,-6.38939e-09,1,-8.21776e-07,-5.14026e-07,1,-6.63149e-07,-3.24154e-07,1,-1.04871e-07,-6.38939e-09,1,1.87515e-07,8.94458e-07,1,2.13117e-07,7.73614e-07,1,-1.04871e-07,-6.38939e-09,1,0,0,1,0,0,1,-1.04871e-07,-6.38939e-09,1,0,0,1,0,0,1,-1.04871e-07,-6.38939e-09,1,-6.99767e-08,1.15313e-07,1,-7.95092e-08,1.06092e-07,1,-1.04871e-07,-6.38939e-09,1,-1.02078e-07,7.50504e-08,1,-1.07546e-07,6.39432e-08,1,-1.04871e-07,-6.38939e-09,1,0,0,1,0,0,1,-1.04871e-07,-6.38939e-09,1,-6.13364e-08,-1.65799e-06,1,-1.04871e-07,-6.38939e-09,1,-1.21237e-07,-1.62671e-06,1,3.19077e-06,-0.676333,0.736596,3.19076e-06,-0.67633,0.736598,4.82186e-06,-0.996368,0.0851512,4.82186e-06,-0.996368,0.0851512]},"color":{"type":"uint8","components":4,"data":[255,255,255,0,255,255,255,0,255,255,255,0,255,255,255,0,255,255,255,0,255,255,255,0,255,255,255,0,255,255,255,0,255,255,255,0,255,255,255,0,255,255,255,0,255,255,255,0,255,255,255,0,255,255,255,0,255,255,255,0,255,255,255,0,255,255,255,0,255,255,255,0,255,255,255,0,255,255,255,0,255,255,255,0,255,255,255,0,255,255,255,0,255,255,255,0,255,255,255,0,255,255,255,0,255,255,255,0,255,255,255,0,255,255,255,0,255,255,255,0,255,255,255,0]},"texCoord0":{"type":"float32","components":2,"data":[0.979411,0.029706,0.974925,0.0257077,0.964632,0.0364366,0.989596,0.0447604,0.987797,0.0408907,0.974181,0.047661,0.962374,0.0182344,0.958032,0.0166315,0.951835,0.0294843,0.992042,0.0534385,0.991074,0.0491018,0.976956,0.0548386,0.953161,0.0153145,0.948294,0.0144518,0.944705,0.0278145,0.985397,0.0368895,0.982641,0.033213,0.970464,0.0419871,0.97099,0.0228296,0.966864,0.0203731,0.958472,0.0322043,0.992614,0.0581609,0.99263,0.0863878,0.977807,0.060359,0.943355,0.0140627,0.940993,0.027482,0.0567018,0.0141851,0.0567018,0.0141851,0.940993,0.027482,0.0567018,0.0141851,0.940993,0.027482]}},{"position":{"type":"float32","components":3,"data":[-254.81,-115.702,80.9299,-252.823,-116.177,80.9299,-249.518,-107.219,80.9299,-257.808,-113.882,80.9299,-256.376,-114.983,80.9299,-249.518,-107.219,80.9299,-260.007,-110.967,80.9299,-259.132,-112.466,80.9299,-249.518,-107.219,80.9299,-252.823,-116.177,80.9299,-249.516,-116.246,80.9299,-249.518,-107.219,80.9299,-260.851,-107.638,80.9299,-260.662,-109.068,80.9299,-249.518,-107.219,80.9299,-260.662,-109.068,80.9299,-260.007,-110.967,80.9299,-249.518,-107.219,80.9299,-254.81,-115.702,80.9299,-249.518,-107.219,80.9299,-257.808,-113.882,80.9299,-249.518,-107.219,80.9299,-260.86,-107.219,80.9299,-260.86,-104.632,80.9299,-249.518,-104.632,80.9299,-260.86,104.109,80.9299,-249.518,104.109,80.9299]},"normal":{"type":"float32","components":3,"data":[0,0,1,0,0,1,0,0,1,0,0,1,0,0,1,0,0,1,0,0,1,0,0,1,0,0,1,0,0,1,0,0,1,0,0,1,0,0,1,0,0,1,0,0,1,0,0,1,0,0,1,0,0,1,0,0,1,0,0,1,0,0,1,0,0,1,0,0,1,-1.721e-13,-3.65496e-08,1,-1.71249e-13,-3.65493e-08,1,-2.96726e-13,-7.30989e-08,1,-2.95027e-13,-7.30989e-08,1]},"color":{"type":"uint8","components":4,"data":[255,255,255,0,255,255,255,0,255,255,255,0,255,255,255,0,255,255,255,0,255,255,255,0,255,255,255,0,255,255,255,0,255,255,255,0,255,255,255,0,255,255,255,0,255,255,255,0,255,255,255,0,255,255,255,0,255,255,255,0,255,255,255,0,255,255,255,0,255,255,255,0,255,255,255,0,255,255,255,0,255,255,255,0,255,255,255,0,255,255,255,0,255,255,255,0,255,255,255,0,255,255,255,0,255,255,255,0]},"texCoord0":{"type":"float32","components":2,"data":[0.991074,0.0491018,0.992042,0.0534385,0.976956,0.0548386,0.982641,0.033213,0.985397,0.0368895,0.970464,0.0419871,0.966864,0.0203731,0.97099,0.0228296,0.958472,0.0322043,0.992614,0.0581609,0.99263,0.0863878,0.977807,0.060359,0.943355,0.0140627,0.948294,0.0144518,0.940993,0.027482,0.953161,0.0153145,0.958032,0.0166315,0.951835,0.0294843,0.987797,0.0408907,0.974181,0.047661,0.974925,0.0257077,0.964632,0.0364366,0.0567018,0.0141851,0.0567018,0.0141851,0.940993,0.027482,0.0567018,0.0141851,0.940993,0.027482]}}],"meshes":[{"aabb":{"min":[-264.649,101.857,74.2625],"max":[-248.915,118.659,82.3831]},"vertices":0,"indices":[0,1,2,3,4,5,6,7,8,9,10,11,12,13,14,15,16,17,18,19,20,21,9,11,22,21,23,13,24,25,16,0,2,10,3,5,19,6,8,7,12,8,4,15,5,1,18,2,26,25,24,27,28,25,25,26,27,29,30,28,28,27,29],"type":"triangles","base":0,"count":63},{"aabb":{"min":[-260.86,-116.246,80.9299],"max":[-249.516,104.109,80.9299]},"vertices":1,"indices":[0,1,2,3,4,5,6,7,8,9,10,11,12,13,14,15,16,17,4,18,19,7,20,21,14,22,12,22,14,23,24,23,14,23,24,25,26,25,24],"type":"triangles","base":0,"count":39}],"meshInstances":[{"node":1,"mesh":0},{"node":2,"mesh":1}]}}