{"model":{"version":3,"nodes":[{"name":"RootNode","position":[0,0,0],"rotation":[0,0,0],"scale":[0.0254,0.0254,0.0254],"scaleCompensation":false},{"name":"bola-pool","position":[0,0,0],"rotation":[-90,-0,0],"scale":[1,1,1],"scaleCompensation":false}],"parents":[-1,0],"skins":[],"morphs":[],"vertices":[{"position":{"type":"float32","components":3,"data":[0,0,18.7111,-2.54257e-07,5.78204,17.7953,-1.79747,5.49905,17.7953,-3.41899,4.67777,17.7953,-4.70583,3.3986,17.7953,-5.53204,1.78675,17.7953,-5.81673,-1.88403e-06,17.7953,-5.53204,-1.78675,17.7953,-4.70583,-3.3986,17.7953,-3.41899,-4.67777,17.7953,-1.79746,-5.49905,17.7953,5.61663e-06,-5.78204,17.7953,1.79747,-5.49904,17.7953,3.41899,-4.67776,17.7953,4.70584,-3.39859,17.7953,5.53204,-1.78674,17.7953,5.81673,9.28224e-06,17.7953,5.53204,1.78676,17.7953,4.70583,3.39861,17.7953,3.41898,4.67777,17.7953,1.79746,5.49905,17.7953,-4.83626e-07,10.9981,15.1376,-3.41899,10.4598,15.1376,-6.5033,8.89764,15.1376,-8.95103,6.46451,15.1376,-10.5226,3.39859,15.1376,-11.0641,-3.58363e-06,15.1376,-10.5226,-3.3986,15.1376,-8.95102,-6.46452,15.1376,-6.5033,-8.89765,15.1376,-3.41898,-10.4598,15.1376,1.06835e-05,-10.9981,15.1376,3.419,-10.4598,15.1376,6.50331,-8.89763,15.1376,8.95104,-6.4645,15.1376,10.5226,-3.39858,15.1376,11.0641,1.76559e-05,15.1376,10.5226,3.39861,15.1376,8.95101,6.46453,15.1376,6.50328,8.89765,15.1376,3.41897,10.4598,15.1376,-6.65654e-07,15.1376,10.9981,-4.70583,14.3967,10.9981,-8.95103,12.2466,10.9981,-12.32,8.89764,10.9981,-14.4831,4.67776,10.9981,-15.2284,-4.93245e-06,10.9981,-14.4831,-4.67777,10.9981,-12.32,-8.89765,10.9981,-8.95102,-12.2466,10.9981,-4.70582,-14.3967,10.9981,1.47045e-05,-15.1376,10.9981,4.70585,-14.3967,10.9981,8.95104,-12.2465,10.9981,12.32,-8.89763,10.9981,14.4831,-4.67775,10.9981,15.2284,2.43012e-05,10.9981,14.4831,4.67779,10.9981,12.32,8.89767,10.9981,8.951,12.2466,10.9981,4.7058,14.3967,10.9981,-7.82524e-07,17.7953,5.78204,-5.53204,16.9243,5.78204,-10.5226,14.3967,5.78204,-14.4831,10.4598,5.78204,-17.0259,5.49904,5.78204,-17.9021,-5.79844e-06,5.78204,-17.0259,-5.49905,5.78204,-14.4831,-10.4598,5.78204,-10.5226,-14.3967,5.78204,-5.53203,-16.9243,5.78204,1.72862e-05,-17.7953,5.78204,5.53206,-16.9243,5.78204,10.5226,-14.3967,5.78204,14.4831,-10.4598,5.78204,17.0259,-5.49902,5.78204,17.9021,2.85678e-05,5.78204,17.0259,5.49907,5.78204,14.483,10.4598,5.78204,10.5225,14.3967,5.78204,5.532,16.9243,5.78204,-8.22794e-07,18.7111,-8.17887e-07,-5.81673,17.7953,-8.17887e-07,-11.0641,15.1376,-8.17887e-07,-15.2284,10.9981,-8.17887e-07,-17.9021,5.78203,-8.17887e-07,-18.8233,-6.09684e-06,-8.17887e-07,-17.9021,-5.78205,-8.17887e-07,-15.2284,-10.9981,-8.17887e-07,-11.0641,-15.1376,-8.17887e-07,-5.81672,-17.7953,-8.17887e-07,1.81758e-05,-18.7111,-8.17887e-07,5.81675,-17.7953,-8.17887e-07,11.0641,-15.1376,-8.17887e-07,15.2284,-10.9981,-8.17887e-07,17.9021,-5.78201,-8.17887e-07,18.8233,3.00379e-05,-8.17887e-07,17.902,5.78207,-8.17887e-07,15.2284,10.9981,-8.17887e-07,11.064,15.1376,-8.17887e-07,5.81669,17.7953,-8.17887e-07,-7.82524e-07,17.7953,-5.78204,-5.53204,16.9243,-5.78204,-10.5226,14.3967,-5.78204,-14.4831,10.4598,-5.78204,-17.0259,5.49904,-5.78204,-17.9021,-5.79844e-06,-5.78204,-17.0259,-5.49905,-5.78204,-14.4831,-10.4598,-5.78204,-10.5226,-14.3967,-5.78204,-5.53202,-16.9243,-5.78204,1.72862e-05,-17.7953,-5.78204,5.53206,-16.9243,-5.78204,10.5226,-14.3967,-5.78204,14.4831,-10.4598,-5.78204,17.0259,-5.49902,-5.78204,17.9021,2.85678e-05,-5.78204,17.0259,5.49907,-5.78204,14.483,10.4598,-5.78204,10.5225,14.3967,-5.78204,5.532,16.9243,-5.78204,-6.65654e-07,15.1376,-10.9981,-4.70583,14.3967,-10.9981,-8.95103,12.2466,-10.9981,-12.32,8.89764,-10.9981,-14.4831,4.67776,-10.9981,-15.2284,-4.93245e-06,-10.9981,-14.4831,-4.67777,-10.9981,-12.32,-8.89765,-10.9981,-8.95102,-12.2466,-10.9981,-4.70582,-14.3967,-10.9981,1.47045e-05,-15.1376,-10.9981,4.70585,-14.3967,-10.9981,8.95104,-12.2465,-10.9981,12.32,-8.89763,-10.9981,14.4831,-4.67775,-10.9981,15.2284,2.43012e-05,-10.9981,14.4831,4.67779,-10.9981,12.32,8.89767,-10.9981,8.951,12.2466,-10.9981,4.7058,14.3967,-10.9981,-4.83626e-07,10.9981,-15.1376,-3.41899,10.4598,-15.1376,-6.5033,8.89764,-15.1376,-8.95103,12.2466,-10.9981,-6.5033,8.89764,-15.1376,-8.95103,6.46451,-15.1376,-12.32,8.89764,-10.9981,-10.5226,3.39859,-15.1376,-14.4831,4.67776,-10.9981,-11.0641,-3.58363e-06,-15.1376,-15.2284,-4.93245e-06,-10.9981,-10.5226,-3.3986,-15.1376,-14.4831,-4.67777,-10.9981,-8.95102,-6.46452,-15.1376,-12.32,-8.89765,-10.9981,-6.5033,-8.89765,-15.1376,-8.95102,-12.2466,-10.9981,-6.5033,-8.89765,-15.1376,-3.41898,-10.4598,-15.1376,1.06835e-05,-10.9981,-15.1376,3.419,-10.4598,-15.1376,6.50331,-8.89763,-15.1376,8.95104,-6.4645,-15.1376,12.32,-8.89763,-10.9981,8.95104,-6.4645,-15.1376,10.5226,-3.39858,-15.1376,14.4831,-4.67775,-10.9981,11.0641,1.76559e-05,-15.1376,15.2284,2.43012e-05,-10.9981,10.5226,3.39861,-15.1376,14.4831,4.67779,-10.9981,8.95101,6.46453,-15.1376,12.32,8.89767,-10.9981,6.50328,8.89765,-15.1376,8.951,12.2466,-10.9981,6.50328,8.89765,-15.1376,3.41897,10.4598,-15.1376,-4.83626e-07,10.9981,-15.1376,-2.54257e-07,5.78203,-17.7953,-1.79747,5.49904,-17.7953,-3.41899,10.4598,-15.1376,-3.41899,4.67776,-17.7953,-4.70583,3.39859,-17.7953,-5.53204,1.78675,-17.7953,-5.81673,-1.88403e-06,-17.7953,-5.53203,-1.78675,-17.7953,-4.70583,-3.3986,-17.7953,-3.41898,-4.67777,-17.7953,-1.79746,-5.49904,-17.7953,-3.41898,-10.4598,-15.1376,5.61663e-06,-5.78203,-17.7953,1.06835e-05,-10.9981,-15.1376,1.79747,-5.49904,-17.7953,3.419,-10.4598,-15.1376,3.41899,-4.67776,-17.7953,6.50331,-8.89763,-15.1376,4.70583,-3.39859,-17.7953,5.53204,-1.78674,-17.7953,5.81673,9.28223e-06,-17.7953,5.53203,1.78676,-17.7953,4.70582,3.3986,-17.7953,3.41898,4.67777,-17.7953,1.79746,5.49905,-17.7953,3.41897,10.4598,-15.1376,0,0,-18.7111]},"normal":{"type":"float32","components":3,