{"model":{"version":3,"nodes":[{"name":"RootNode","position":[0,0,0],"rotation":[0,0,0],"scale":[0.0254,0.0254,0.0254],"scaleCompensation":false},{"name":"pocket-medio-arriba","position":[0,0,0],"rotation":[-90,-0,0],"scale":[1,1,1],"scaleCompensation":false}],"parents":[-1,0],"skins":[],"morphs":[],"vertices":[{"position":{"type":"float32","components":3,"data":[-0.0263062,134.153,106.189,3.24486,130.944,106.189,3.8969,133.695,106.189,-0.0263062,131.326,106.189,6.33966,129.817,106.189,7.6086,132.344,106.189,9.09128,128.007,106.189,10.9087,130.173,106.189,11.3514,125.612,106.189,13.6193,127.3,106.189,12.9981,122.76,106.189,15.5942,123.88,106.189,13.9426,119.332,106.189,16.7271,119.334,106.189,-16.7797,119.334,106.189,-13.0507,122.76,106.189,-15.6469,123.88,106.189,-13.9953,119.332,106.189,-11.404,125.612,106.189,-13.6719,127.3,106.189,-9.14389,128.007,106.189,-10.9613,130.173,106.189,-6.39227,129.817,106.189,-7.66119,132.344,106.189,-3.29745,130.944,106.189,-3.94951,133.695,106.189,-0.0263062,131.326,106.189,-0.0263062,134.153,106.189]},"normal":{"type":"float32","components":3,"data":[0,0,1,0,0,1,0,0,1,0,0,1,0,0,1,0,0,1,0,0,1,0,0,1,0,0,1,0,0,1,0,0,1,0,0,1,0,0,1,0,0,1,0,0,1,0,0,1,0,0,1,0,0,1,0,0,1,0,0,1,0,0,1,0,0,1,0,0,1,0,0,1,0,0,1,0,0,1,0,0,1,0,0,1]},"texCoord0":{"type":"float32","components":2,"data":[0.25,0,0.5,0.037037,0.25,0.037037,0.5,0,0.5,0.0740741,0.25,0.0740741,0.5,0.111111,0.25,0.111111,0.5,0.148148,0.25,0.148148,0.5,0.185185,0.25,0.185185,0.5,0.222222,0.25,0.222222,0.25,0.777778,0.5,0.814815,0.25,0.814815,0.5,0.777778,0.5,0.851852,0.25,0.851852,0.5,0.888889,0.25,0.888889,0.5,0.925926,0.25,0.925926,0.5,0.962963,0.25,0.962963,0.5,1,0.25,1]}}],"meshes":[{"aabb":{"min":[-16.7797,119.332,106.189],"max":[16.7271,134.153,106.189]},"vertices":0,"indices":[0,1,2,0,3,1,2,4,5,2,1,4,5,6,7,5,4,6,7,8,9,7,6,8,9,10,11,9,8,10,11,12,13,11,10,12,14,15,16,14,17,15,16,18,19,16,15,18,19,20,21,19,18,20,21,22,23,21,20,22,23,24,25,23,22,24,25,26,27,25,24,26],"type":"triangles","base":0,"count":72}],"meshInstances":[{"node":1,"mesh":0}]}}