{"model":{"version":3,"nodes":[{"name":"RootNode","position":[0,0,0],"rotation":[0,0,0],"scale":[0.0254,0.0254,0.0254],"scaleCompensation":false},{"name":"plano-apuntar-base","position":[0,0,0],"rotation":[-90,-0,0],"scale":[1,1,1],"scaleCompensation":false}],"parents":[-1,0],"skins":[],"morphs":[],"vertices":[{"position":{"type":"float32","components":3,"data":[-1.62486,-0.400494,0,-1.27916e-07,-3.85337e-08,0,-1.67349,-5.83827e-07,0,-1.4818,-0.777712,0,-1.25263,-1.10973,0,-0.950652,-1.37726,0,-0.593428,-1.56474,0,-0.201716,-1.66129,0,0.201719,-1.66129,0,0.593431,-1.56474,0,0.950654,-1.37726,0,1.25263,-1.10973,0,1.48181,-0.777709,0,1.62487,-0.400491,0,1.67349,-3.85337e-08,0,-2.38968,-0.589005,0,-1.67349,-5.83827e-07,0,-2.4612,-8.01961e-07,0,-1.62486,-0.400494,0,-2.17928,-1.14378,0,-1.4818,-0.777712,0,-1.84223,-1.63208,0,-1.25263,-1.10973,0,-1.39812,-2.02553,0,-0.950652,-1.37726,0,-0.872752,-2.30126,0,-0.593428,-1.56474,0,-0.296663,-2.44326,0,-0.201716,-1.66129,0,0.296667,-2.44325,0,0.201719,-1.66129,0,0.872756,-2.30126,0,0.593431,-1.56474,0,1.39812,-2.02553,0,0.950654,-1.37726,0,1.84224,-1.63208,0,1.25263,-1.10973,0,2.17929,-1.14377,0,1.48181,-0.777709,0,2.38968,-0.589,0,1.62487,-0.400491,0,2.4612,0,0,1.67349,-3.85337e-08,0]},"normal":{"type":"float32","components":3,"data":[0,0,1,0,0,1,0,0,1,0,0,1,0,0,1,0,0,1,0,0,1,0,0,1,0,0,1,0,0,1,0,0,1,0,0,1,0,0,1,0,0,1,0,0,1,0,0,1,0,0,1,0,0,1,0,0,1,0,0,1,0,0,1,0,0,1,0,0,1,0,0,1,0,0,1,0,0,1,0,0,1,0,0,1,0,0,1,0,0,1,0,0,1,0,0,1,0,0,1,0,0,1,0,0,1,0,0,1,0,0,1,0,0,1,0,0,1,0,0,1,0,0,1,0,0,1,0,0,1]},"texCoord0":{"type":"float32","components":2,"data":[0.51594,0.0106411,0.515962,0.0106411,0.515937,0.0106411,0.515944,0.0106411,0.515948,0.0106411,0.515952,0.0106411,0.515956,0.0106411,0.51596,0.0106411,0.515963,0.0106411,0.515967,0.0106411,0.515971,0.0106411,0.515975,0.0106411,0.515979,0.0106411,0.515983,0.0106411,0.515987,0.0106411,0.027352,0.00930901,0.0273481,0.00930901,0.0273481,0.00930901,0.027352,0.00930901,0.0273558,0.00930901,0.0273558,0.00930901,0.0273597,0.00930901,0.0273597,0.00930901,0.0273635,0.00930901,0.0273635,0.00930901,0.0273674,0.00930901,0.0273674,0.00930901,0.0273712,0.00930901,0.0273712,0.00930901,0.0273751,0.00930901,0.0273751,0.00930901,0.0273789,0.00930901,0.0273789,0.00930901,0.0273828,0.00930901,0.0273828,0.00930901,0.0273866,0.00930901,0.0273866,0.00930901,0.0273905,0.00930901,0.0273905,0.00930901,0.0273943,0.00930901,0.0273943,0.00930901,0.0273981,0.00930901,0.0273981,0.00930901]}}],"meshes":[{"aabb":{"min":[-2.4612,-2.44326,0],"max":[2.4612,0,0]},"vertices":0,"indices":[0,1,2,3,1,0,4,1,3,5,1,4,6,1,5,7,1,6,8,1,7,9,1,8,10,1,9,11,1,10,12,1,11,13,1,12,14,1,13,15,16,17,18,16,15,19,18,15,20,18,19,21,20,19,22,20,21,23,22,21,24,22,23,25,24,23,26,24,25,27,26,25,28,26,27,29,28,27,30,28,29,31,30,29,32,30,31,33,32,31,34,32,33,35,34,33,36,34,35,37,36,35,38,36,37,39,38,37,40,38,39,41,40,39,42,40,41],"type":"triangles","base":0,"count":117}],"meshInstances":[{"node":1,"mesh":0}]}}