{"model":{"version":3,"nodes":[{"name":"RootNode","position":[0,0,0],"rotation":[0,0,0],"scale":[0.0254,0.0254,0.0254],"scaleCompensation":false},{"name":"pocket-izquierda-abajo","position":[0,0,0],"rotation":[-90,-0,0],"scale":[1,1,1],"scaleCompensation":false}],"parents":[-1,0],"skins":[],"morphs":[],"vertices":[{"position":{"type":"float32","components":3,"data":[-228.793,-133.905,106.189,-232.005,-130.753,106.189,-232.646,-133.455,106.189,-228.793,-131.129,106.189,-235.045,-129.647,106.189,-236.291,-132.128,106.189,-237.747,-127.87,106.189,-239.531,-129.997,106.189,-239.966,-125.517,106.189,-242.193,-127.175,106.189,-241.583,-122.716,106.189,-244.133,-123.816,106.189,-242.511,-119.618,106.189,-245.245,-120.1,106.189,-242.699,-116.39,106.189,-245.471,-116.228,106.189,-242.137,-113.205,106.189,-244.797,-112.408,106.189,-240.856,-110.235,106.189,-243.261,-108.847,106.189,-238.925,-107.641,106.189,-240.944,-105.735,106.189,-236.447,-105.562,106.189,-237.973,-103.242,106.189,-233.557,-104.11,106.189,-234.507,-101.501,106.189,-230.365,-103.365,106.189,-230.368,-100.607,106.189,-212.262,-119.272,106.189,-216.003,-122.716,106.189,-213.454,-123.816,106.189,-214.997,-119.266,106.189,-217.62,-125.517,106.189,-215.393,-127.175,106.189,-219.84,-127.87,106.189,-218.055,-129.997,106.189,-222.542,-129.647,106.189,-221.296,-132.128,106.189,-225.581,-130.753,106.189,-224.941,-133.455,106.189,-228.793,-131.129,106.189,-228.793,-133.905,106.189]},"normal":{"type":"float32","components":3,"data":[0,0,1,0,0,1,0,0,1,0,0,1,0,0,1,0,0,1,0,0,1,0,0,1,0,0,1,0,0,1,0,0,1,0,0,1,0,0,1,0,0,1,0,0,1,0,0,1,0,0,1,0,0,1,0,0,1,0,0,1,0,0,1,0,0,1,0,0,1,0,0,1,0,0,1,0,0,1,0,0,1,0,0,1,0,0,1,0,0,1,0,0,1,0,0,1,0,0,1,0,0,1,0,0,1,0,0,1,0,0,1,0,0,1,0,0,1,0,0,1,0,0,1,0,0,1]},"texCoord0":{"type":"float32","components":2,"data":[0.25,0,0.5,0.037037,0.25,0.037037,0.5,0,0.5,0.0740741,0.25,0.0740741,0.5,0.111111,0.25,0.111111,0.5,0.148148,0.25,0.148148,0.5,0.185185,0.25,0.185185,0.5,0.222222,0.25,0.222222,0.5,0.259259,0.25,0.259259,0.5,0.296296,0.25,0.296296,0.5,0.333333,0.25,0.333333,0.5,0.37037,0.25,0.37037,0.5,0.407407,0.25,0.407407,0.5,0.444444,0.25,0.444444,0.5,0.481481,0.25,0.481481,0.25,0.777778,0.5,0.814815,0.25,0.814815,0.5,0.777778,0.5,0.851852,0.25,0.851852,0.5,0.888889,0.25,0.888889,0.5,0.925926,0.25,0.925926,0.5,0.962963,0.25,0.962963,0.5,1,0.25,1]}}],"meshes":[{"aabb":{"min":[-245.471,-133.905,106.189],"max":[-212.262,-100.607,106.189]},"vertices":0,"indices":[0,1,2,0,3,1,2,4,5,2,1,4,5,6,7,5,4,6,7,8,9,7,6,8,9,10,11,9,8,10,11,12,13,11,10,12,13,14,15,13,12,14,15,16,17,15,14,16,17,18,19,17,16,18,19,20,21,19,18,20,21,22,23,21,20,22,23,24,25,23,22,24,25,26,27,25,24,26,28,29,30,28,31,29,30,32,33,30,29,32,33,34,35,33,32,34,35,36,37,35,34,36,37,38,39,37,36,38,39,40,41,39,38,40],"type":"triangles","base":0,"count":114}],"meshInstances":[{"node":1,"mesh":0}]}}