{"model":{"version":3,"nodes":[{"name":"RootNode","position":[0,0,0],"rotation":[0,0,0],"scale":[0.0254,0.0254,0.0254],"scaleCompensation":false},{"name":"Tube003","position":[0,74.0468,0],"rotation":[-90,-0,0],"scale":[0.697524,0.697524,1],"scaleCompensation":false}],"parents":[-1,0],"skins":[],"morphs":[],"vertices":[{"position":{"type":"float32","components":3,"data":[2.84479,17.9613,19.8613,4.5911,14.13,19.8613,5.61954,17.2952,19.8613,2.32416,14.6742,19.8613,6.74499,13.2378,19.8613,8.25592,16.2031,19.8613,8.73279,12.0197,19.8613,10.689,14.7122,19.8613,10.5056,10.5056,19.8613,12.8589,12.8589,19.8613,12.0197,8.73279,19.8613,14.7122,10.689,19.8613,13.2378,6.74499,19.8613,16.2031,8.25592,19.8613,14.13,4.5911,19.8613,17.2952,5.61954,19.8613,14.6742,2.32416,19.8613,17.9613,2.84479,19.8613,17.9613,-2.8448,19.8613,14.13,-4.5911,19.8613,17.2952,-5.61954,19.8613,14.6742,-2.32416,19.8613,13.2378,-6.74499,19.8613,16.2031,-8.25592,19.8613,12.0197,-8.73279,19.8613,14.7122,-10.689,19.8613,10.5056,-10.5056,19.8613,12.8589,-12.8589,19.8613,8.73279,-12.0197,19.8613,10.689,-14.7122,19.8613,6.74499,-13.2378,19.8613,8.25592,-16.2032,19.8613,4.5911,-14.13,19.8613,5.61954,-17.2952,19.8613,2.32416,-14.6742,19.8613,2.84479,-17.9613,19.8613,-2.8448,-17.9613,19.8613,-4.5911,-14.1299,19.8613,-5.61955,-17.2952,19.8613,-2.32417,-14.6742,19.8613,-6.74499,-13.2378,19.8613,-8.25592,-16.2031,19.8613,-8.7328,-12.0197,19.8613,-10.689,-14.7121,19.8613,-10.5056,-10.5056,19.8613,-12.8589,-12.8589,19.8613,-12.0197,-8.73278,19.8613,-14.7122,-10.689,19.8613,-13.2378,-6.74498,19.8613,-16.2032,-8.25591,19.8613,-14.13,-4.59109,19.8613,-17.2952,-5.61953,19.8613,-14.6742,-2.32415,19.8613,-17.9613,-2.84478,19.8613,-17.9613,2.84481,19.8613,-14.1299,4.59111,19.8613,-17.2952,5.61956,19.8613,-14.6742,2.32418,19.8613,-13.2378,6.745,19.8613,-16.2031,8.25593,19.8613,-12.0196,8.7328,19.8613,-14.7121,10.689,19.8613,-10.5056,10.5056,19.8613,-12.8589,12.8589,19.8613,-8.73278,12.0197,19.8613,-10.689,14.7122,19.8613,-6.74497,13.2378,19.8613,-8.2559,16.2032,19.8613,-4.59108,14.13,19.8613,-5.61952,17.2952,19.8613,-2.32414,14.6742,19.8613,-2.84477,17.9613,19.8613]},"normal":{"type":"float32","components":3,"data":[0,0,1,0,0,1,0,0,1,0,0,1,0,0,1,0,0,1,0,0,1,0,0,1,0,0,1,0,0,1,0,0,1,0,0,1,0,0,1,0,0,1,0,0,1,0,0,1,0,0,1,0,0,1,0,0,1,0,0,1,0,0,1,0,0,1,0,0,1,0,0,1,0,0,1,0,0,1,0,0,1,0,0,1,0,0,1,0,0,1,0,0,1,0,0,1,0,0,1,0,0,1,0,0,1,0,0,1,0,0,1,0,0,1,0,0,1,0,0,1,0,0,1,0,0,1,0,0,1,0,0,1,0,0,1,0,0,1,0,0,1,0,0,1,0,0,1,0,0,1,0,0,1,0,0,1,0,0,1,0,0,1,0,0,1,0,0,1,0,0,1,0,0,1,0,0,1,0,0,1,0,0,1,0,0,1,0,0,1,0,0,1,0,0,1,0,0,1,0,0,1,0,0,1,0,0,1,0,0,1,0,0,1,0,0,1]},"texCoord0":{"type":"float32","components":2,"data":[0.25,0.025,0.5,0.05,0.25,0.05,0.5,0.025,0.5,0.075,0.25,0.075,0.5,0.1,0.25,0.1,0.5,0.125,0.25,0.125,0.5,0.15,0.25,0.15,0.5,0.175,0.25,0.175,0.5,0.2,0.25,0.2,0.5,0.225,0.25,0.225,0.25,0.275,0.5,0.3,0.25,0.3,0.5,0.275,0.5,0.325,0.25,0.325,0.5,0.35,0.25,0.35,0.5,0.375,0.25,0.375,0.5,0.4,0.25,0.4,0.5,0.425,0.25,0.425,0.5,0.45,0.25,0.45,0.5,0.475,0.25,0.475,0.25,0.525,0.5,0.55,0.25,0.55,0.5,0.525,0.5,0.575,0.25,0.575,0.5,0.6,0.25,0.6,0.5,0.625,0.25,0.625,0.5,0.65,0.25,0.65,0.5,0.675,0.25,0.675,0.5,0.7,0.25,0.7,0.5,0.725,0.25,0.725,0.25,0.775,0.5,0.8,0.25,0.8,0.5,0.775,0.5,0.825,0.25,0.825,0.5,0.85,0.25,0.85,0.5,0.875,0.25,0.875,0.5,0.9,0.25,0.9,0.5,0.925,0.25,0.925,0.5,0.95,0.25,0.95,0.5,0.975,0.25,0.975]}}],"meshes":[{"aabb":{"min":[-17.9613,-17.9613,19.8613],"max":[17.9613,17.9613,19.8613]},"vertices":0,"indices":[0,1,2,0,3,1,2,4,5,2,1,4,5,6,7,5,4,6,7,8,9,7,6,8,9,10,11,9,8,10,11,12,13,11,10,12,13,14,15,13,12,14,15,16,17,15,14,16,18,19,20,18,21,19,20,22,23,20,19,22,23,24,25,23,22,24,25,26,27,25,24,26,27,28,29,27,26,28,29,30,31,29,28,30,31,32,33,31,30,32,33,34,35,33,32,34,36,37,38,36,39,37,38,40,41,38,37,40,41,42,43,41,40,42,43,44,45,43,42,44,45,46,47,45,44,46,47,48,49,47,46,48,49,50,51,49,48,50,51,52,53,51,50,52,54,55,56,54,57,55,56,58,59,56,55,58,59,60,61,59,58,60,61,62,63,61,60,62,63,64,65,63,62,64,65,66,67,65,64,66,67,68,69,67,66,68,69,70,71,69,68,70],"type":"triangles","base":0,"count":192}],"meshInstances":[{"node":1,"mesh":0}]}}