{"model":{"version":3,"nodes":[{"name":"RootNode","position":[0,0,0],"rotation":[0,0,0],"scale":[0.0254,0.0254,0.0254],"scaleCompensation":false},{"name":"flechas-movewhite","position":[0,0,0],"rotation":[-90,-90,0],"scale":[1,1,1],"scaleCompensation":false}],"parents":[-1,0],"skins":[],"morphs":[],"vertices":[{"position":{"type":"float32","components":3,"data":[4.51274,10.7791,0,-0.00212737,15.8708,0,-4.51335,10.7791,0,-10.7791,4.51274,0,-15.8708,-0.00212669,0,-10.7791,-4.51335,0,-4.51274,-10.7791,0,0.00212792,-15.8708,0,4.51335,-10.7791,0,10.7791,-4.51273,0,15.8708,0.0021286,0,10.7791,4.51335,0,18.5244,8.94507,14.1294,22.3088,8.94507,14.1294,15.6765,10.9621,14.1294,23.3668,10.2062,14.1294,15.6765,11.3092,14.1294,15.6765,13.2311,14.1294,24.3579,12.8426,14.1294,24.0028,11.4688,14.1294,15.6765,13.5692,14.1294,24.4383,14.1599,14.1294,15.6765,15.5002,14.1294,24.1405,15.2503,14.1294,24.4383,14.1599,14.1294,15.6765,15.82,14.1294,23.6278,16.2306,14.1294,17.317,17.7366,14.1294,19.9875,17.7366,14.1294,23.6278,16.2306,14.1294,15.6765,11.3092,14.1294,23.3668,10.2062,14.1294,15.6765,13.5692,14.1294,24.4383,14.1599,14.1294,15.6765,15.82,14.1294,23.6278,16.2306,14.1294,9.27659,10.2982,14.1294,10.1753,8.94506,14.1294,10.1753,10.9621,14.1294,8.03303,12.5933,14.1294,8.93169,11.3092,14.1294,8.93169,13.2311,14.1294,9.02592,14.8611,14.1294,9.92457,13.5692,14.1294,9.92457,15.5002,14.1294,10.414,17.1385,14.1294,11.3126,15.82,14.1294,11.3126,17.7366,14.1294,9.45729,9.27024,14.1294,9.73902,9.07213,14.1294,8.21373,11.6213,14.1294,8.49545,11.416,14.1294,9.20662,13.8892,14.1294,9.48834,13.6839,14.1294,10.5947,16.112,14.1294,10.8764,15.9245,14.1294,9.73902,10.8598,14.1294,9.45729,10.6617,14.1294,8.49545,13.1164,14.1294,8.21373,12.9111,14.1294,9.48834,15.3843,14.1294,9.20662,15.179,14.1294,10.8764,17.6163,14.1294,10.5947,17.4289,14.1294,9.27659,9.63381,14.1294,8.03303,11.9392,14.1294,9.02592,14.2071,14.1294,10.414,16.4023,14.1294,16.147,5.57845,14.1294,17.5349,5.25266,14.1294,16.1013,6.96361,14.1294,16.8082,5.03269,14.1294,17.2082,5.05499,14.1294,15.9778,6.52345,14.1294,15.995,6.00326,14.1294,16.4697,5.19329,14.1294,22.4299,17.1406,14.1294,21.3889,17.5029,14.1294,24.3579,12.8426,14.1294,24.1405,15.2503,14.1294,23.3668,10.2062,14.1294,21.3889,17.5029,14.1294]},"normal":{"type":"float32","components":3,"data":[0,0,1,0,0,1,0,0,1,0,0,1,0,0,1,0,0,1,0,0,1,0,0,1,0,0,1,0,0,1,0,0,1,0,0,1,0,0,1,0,0,1,0,0,1,0,0,1,0,0,1,0,0,1,0,0,1,0,0,1,0,0,1,0,0,1,0,0,1,0,0,1,0,0,1,0,0,1,0,0,1,0,0,1,0,0,1,0,0,1,0,0,1,0,0,1,0,0,1,0,0,1,0,0,1,0,0,1,0,0,1,0,0,1,0,0,1,0,0,1,0,0,1,0,0,1,0,0,1,0,0,1,0,0,1,0,0,1,0,0,1,0,0,1,0,0,1,0,0,1,0,0,1,0,0,1,0,0,1,0,0,1,0,0,1,0,0,1,0,0,1,0,0,1,0,0,1,0,0,1,0,0,1,0,0,1,0,0,1,0,0,1,0,0,1,0,0,1,0,0,1,0,0,1,0,0,1,0,0,1,0,0,1,0,0,1,0,0,1,0,0,1,0,0,1,0,0,1,0,0,1,0,0,1,0,0,1,0,0,1,0,0,1,0,0,1]},"texCoord0":{"type":"float32","components":2,"data":[0.00998588,0.68332,0.00998588,0.68342,0.00988586,0.68332,0.00998588,0.68332,0.00998588,0.68342,0.00988586,0.68332,0.00998588,0.68332,0.00998588,0.68342,0.00988586,0.68332,0.00998588,0.68332,0.00998588,0.68342,0.00988586,0.68332,0.00991125,0.683411,0.00991125,0.683311,0.00993629,0.683411,0.00993629,0.683323,0.00993629,0.683411,0.0099612,0.683411,0.00996466,0.68328,0.00994404,0.683311,0.0099612,0.683411,0.0099612,0.683322,0.00998624,0.683411,0.00997491,0.683281,0.00996907,0.683311,0.00998624,0.683411,0.00998624,0.683323,0.0100113,0.683411,0.0100113,0.683351,0.00999267,0.683311,0.0099612,0.683361,0.00993939,0.683317,0.0099612,0.683361,0.0099612,0.683316,0.0099612,0.683361,0.00998314,0.683317,0.00992854,0.683411,0.00991125,0.683411,0.00993629,0.683411,0.00995286,0.683411,0.00993629,0.683411,0.0099612,0.683411,0.00997789,0.683411,0.0099612,0.683411,0.00998624,0.683411,0.0100035,0.683411,0.00998624,0.683411,0.0100113,0.683411,0.00991519,0.683411,0.0099128,0.683411,0.00994058,0.683411,0.00993796,0.683411,0.00996549,0.683411,0.00996287,0.683411,0.00999017,0.683411,0.00998779,0.683411,0.00993474,0.683411,0.00993223,0.683411,0.00995953,0.683411,0.00995691,0.683411,0.00998457,0.683411,0.00998195,0.683411,0.0100097,0.683411,0.0100072,0.683411,0.009919,0.683411,0.00994463,0.683411,0.00996955,0.683411,0.00999399,0.683411,0.00991125,0.683372,0.00991125,0.683311,0.00991125,0.683411,0.00991125,0.683332,0.00991125,0.683318,0.00991125,0.683404,0.00991125,0.683389,0.00991125,0.683349,0.0100028,0.683311,0.0100079,0.683325,0.00995345,0.683311,0.00997837,0.683311,0.00993665,0.683322,0.0100084,0.683326]}}],"meshes":[{"aabb":{"min":[-15.8708,-15.8708,0],"max":[24.4383,17.7366,14.1294]},"vertices":0,"indices":[0,1,2,3,4,5,6,7,8,9,10,11],"type":"triangles","base":0,"count":12},{"aabb":{"min":[-15.8708,-15.8708,0],"max":[24.4383,17.7366,14.1294]},"vertices":0,"indices":[12,13,14,15,14,13,16,15,17,18,17,19,20,21,22,23,22,24,25,26,27,28,27,29,30,14,31,32,17,33,34,22,35,36,37,12,12,14,38,39,40,16,16,17,41,42,43,20,20,22,44,45,46,25,25,27,47,36,48,49,39,50,51,42,52,53,45,54,55,56,57,12,58,59,16,60,61,20,62,63,25,36,64,48,39,65,50,42,66,52,45,67,54,57,36,12,36,49,37,59,39,16,39,51,40,61,42,20,42,53,43,63,45,25,45,55,46,38,56,12,41,58,16,44,60,20,47,62,25,68,69,13,13,12,70,68,71,72,73,74,13,68,75,71,74,68,13,68,72,69,70,73,13,76,77,29,78,21,17,79,26,22,19,17,80,81,28,29],"type":"triangles","base":0,"count":168}],"meshInstances":[{"node":1,"mesh":0},{"node":1,"mesh":1}]}}